the Netherlands,De Jong,Jansen,De Vries,Van den Berg *,Van Dijk,Bakker,Janssen,Visser,Smit,Meijer,De Boer,Mulder,De Groot,Bos,Vos,Peters,Hendriks,Van Leeuwen,Dekker,Brouwer,De Wit,Dijkstra,Smits,De Graaf,Van der Meer,,,,,,,,,,,,,,,,,,,,,,,,,,,,,,,,,,,,,,,,,,,,,,,,,,,,,,,,,,,,,,,,,,,,,,,,,,,,,,,,,,,,,,,,,,,,,,,,,,,,,,,,,,,,,,,,,,,,,,,,,,,,,,,,,,,,,,,,,,,,,,,,,,,,,,,,,,,,,,,,,,,,,,,,,,,,,,,,,,,,,,,,,
Denmark,Nielsen,Jensen,Hansen,Pedersen,Andersen,Christensen,Larsen,Sørensen,Rasmussen,Jørgensen,Petersen,Madsen,Kristensen,Olsen,Thomsen,Christiansen,Poulsen,Johansen,Møller,Mortensen,,,,,,,,,,,,,,,,,,,,,,,,,,,,,,,,,,,,,,,,,,,,,,,,,,,,,,,,,,,,,,,,,,,,,,,,,,,,,,,,,,,,,,,,,,,,,,,,,,,,,,,,,,,,,,,,,,,,,,,,,,,,,,,,,,,,,,,,,,,,,,,,,,,,,,,,,,,,,,,,,,,,,,,,,,,,,,,,,,,,,,,,,,,,,,
Norway,Hansen,Johansen,Olsen,Larsen,Andersen,Pedersen,Nilsen,Kristiansen,Jensen,Karlsen,Johnsen,Pettersen,Eriksen,Berg,Haugen,Hagen,Johannessen,Andreassen,Jacobsen,Dahl,Jørgensen,Halvorsen,Henriksen,Lund,,,,,,,,,,,,,,,,,,,,,,,,,,,,,,,,,,,,,,,,,,,,,,,,,,,,,,,,,,,,,,,,,,,,,,,,,,,,,,,,,,,,,,,,,,,,,,,,,,,,,,,,,,,,,,,,,,,,,,,,,,,,,,,,,,,,,,,,,,,,,,,,,,,,,,,,,,,,,,,,,,,,,,,,,,,,,,,,,,,,,,,,,,
Estonia,Tamm,Saar,Sepp,Mägi,Kask,Kukk,Rebane,Ilves,Pärn,Koppel,,,,,,,,,,,,,,,,,,,,,,,,,,,,,,,,,,,,,,,,,,,,,,,,,,,,,,,,,,,,,,,,,,,,,,,,,,,,,,,,,,,,,,,,,,,,,,,,,,,,,,,,,,,,,,,,,,,,,,,,,,,,,,,,,,,,,,,,,,,,,,,,,,,,,,,,,,,,,,,,,,,,,,,,,,,,,,,,,,,,,,,,,,,,,,,,,,,,,,,,
Finland,Korhonen,Virtanen,Mäkinen,Nieminen,Mäkelä,Hämäläinen,Laine,Heikkinen,Koskinen,Järvinen,Lehtonen,Lehtinen,Saarinen,Salminen,Heinonen,Niemi,Heikkilä,Kinnunen,Salonen,Turunen,Salo,Laitinen,Tuominen,Rantanen,Karjalainen,Jokinen,Mattila,Savolainen,Lahtinen,Ahonen,,,,,,,,,,,,,,,,,,,,,,,,,,,,,,,,,,,,,,,,,,,,,,,,,,,,,,,,,,,,,,,,,,,,,,,,,,,,,,,,,,,,,,,,,,,,,,,,,,,,,,,,,,,,,,,,,,,,,,,,,,,,,,,,,,,,,,,,,,,,,,,,,,,,,,,,,,,,,,,,,,,,,,,,,,,,,,,,,,,,
U.S.A.,Smith,Johnson,Williams,Brown,Jones,Davis,Miller,Anderson,Wilson,Garcia,Taylor,Thomas,Moore,Rodriguez,Lee,Jackson,Martin,White,Martinez,Thompson,Harris,Clark,Hernandez,Lopez,Lewis,Walker,Robinson,Allen,Gonzalez,Hall,Young,King,Wright,Adams,Hill,Baker,Green,Scott,Nelson,Perez,Campbell,Carter,Roberts,Sanchez,Mitchell,Evans,Phillips,Turner,Edwards,Collins,Parker,Ramirez,Nguyen,Stewart,Morris,Cook,Rogers,Murphy,Peterson,Morgan,Cooper,Bell,Flores,Bailey,Torres,Reed,Cox,Rivera,Wood,Howard,Ward,Kelly,Brooks,Bennett,Gray,Watson,Richardson,Hughes,James,Ross,Foster,Gomez,Sullivan,Myers,Diaz,Price,Long,Butler,Barnes,Sanders,Kim,Coleman,Cruz,Fisher,Russell,Reyes,Powell,Perry,Henderson,Jenkins,,,,,,,,,,,,,,,,,,,,,,,,,,,,,,,,,,,,,,,,,,,,,,,,,,,,,,,,,,,,,,,,,,,,,,,,,,,,,,,,,,,,,,,,,,,,,,,,,,,,,,,,,,,,,,
Malta,Borg,Camilleri,Vella,Farrugia,Zammit,Galea,Micallef,Grech,Attard,Spiteri,,,,,,,,,,,,,,,,,,,,,,,,,,,,,,,,,,,,,,,,,,,,,,,,,,,,,,,,,,,,,,,,,,,,,,,,,,,,,,,,,,,,,,,,,,,,,,,,,,,,,,,,,,,,,,,,,,,,,,,,,,,,,,,,,,,,,,,,,,,,,,,,,,,,,,,,,,,,,,,,,,,,,,,,,,,,,,,,,,,,,,,,,,,,,,,,,,,,,,,,
Israel,Cohen,Levy,Mizrahi,Peretz,Bitton,Dahan,Agbaria,Avraham,Friedman,Katz,Yosef,Omer,Mhamid,Schwartz,David,Azulay,Malkah,Zoabi,Jabarin,Weiss,Gaby,Shapiro,Chided,Ohayon,Reuben,Lavyan,Mahagna,Masarweh,Vaknin,Khatib,Ben Dod,,,,,,,,,,,,,,,,,,,,,,,,,,,,,,,,,,,,,,,,,,,,,,,,,,,,,,,,,,,,,,,,,,,,,,,,,,,,,,,,,,,,,,,,,,,,,,,,,,,,,,,,,,,,,,,,,,,,,,,,,,,,,,,,,,,,,,,,,,,,,,,,,,,,,,,,,,,,,,,,,,,,,,,,,,,,,,,,,,,
India/Sri Lanka,Devi,Singh,Kumar,Das,Kaur,Ram,Yadav,Kumari,Lal,Bai,Khatun,Mandal,Ali,Sharma,Ray,Mondal,Khan,Sah,Patel,Prasad,Patil,Ghosh,Pal,Sahu,Gupta,Shaikh,Bibi,Sekh,Begam,Biswas,Sarkar,Paramar,Khatoon,Mahto,Ansari,,,,,,,,,,,,,,,,,,,,,,,,,,,,,,,,,,,,,,,,,,,,,,,,,,,,,,,,,,,,,,,,,,,,,,,,,,,,,,,,,,,,,,,,,,,,,,,,,,,,,,,,,,,,,,,,,,,,,,,,,,,,,,,,,,,,,,,,,,,,,,,,,,,,,,,,,,,,,,,,,,,,,,,,,,,,,,,
Kazakhstan/Uzbekistan,Kenes,Omarov,Sultanov,Alieva,Barat,Akhmetov,Umarov,Belgibaev,Akhmetova,Kemelov,Bolatbek,Ivanov,Ivanova,Kambarov,Iskakova,Boyko,Smagulov,Aliev,,,,,,,,,,,,,,,,,,,,,,,,,,,,,,,,,,,,,,,,,,,,,,,,,,,,,,,,,,,,,,,,,,,,,,,,,,,,,,,,,,,,,,,,,,,,,,,,,,,,,,,,,,,,,,,,,,,,,,,,,,,,,,,,,,,,,,,,,,,,,,,,,,,,,,,,,,,,,,,,,,,,,,,,,,,,,,,,,,,,,,,,,,,,,,,,
Bosnia and Herzegovina,Hodžić,Hadžić,Čengić,Delić,Demirović,Kovačević,Tahirović,Ferhatović,Muratović,Ibrahimović,Hasanović,Mehmedović,Salihović,Terzić,Ademović,Adilović,Delemović,Zukić,Krličević,Suljić,Ahmetović,,,,,,,,,,,,,,,,,,,,,,,,,,,,,,,,,,,,,,,,,,,,,,,,,,,,,,,,,,,,,,,,,,,,,,,,,,,,,,,,,,,,,,,,,,,,,,,,,,,,,,,,,,,,,,,,,,,,,,,,,,,,,,,,,,,,,,,,,,,,,,,,,,,,,,,,,,,,,,,,,,,,,,,,,,,,,,,,,,,,,,,,,,,,,
Kosovo,Krasniqi,Gashi,Berisha,Morina,Shala,Bytyqi,Hasani,Kastrati,Kryeziu,Hoti,Fatime,Bajram,Emine,Bekim,Afërdita,Valon,Egzon,Arben,Ramadan,Muhamet,,,,,,,,,,,,,,,,,,,,,,,,,,,,,,,,,,,,,,,,,,,,,,,,,,,,,,,,,,,,,,,,,,,,,,,,,,,,,,,,,,,,,,,,,,,,,,,,,,,,,,,,,,,,,,,,,,,,,,,,,,,,,,,,,,,,,,,,,,,,,,,,,,,,,,,,,,,,,,,,,,,,,,,,,,,,,,,,,,,,,,,,,,,,,,
Albania,Hoxha,Prifti,Shehu,Dervishi,Bektashi,Begu,Gjoni,Lekaj,Gjonaj,Murati,Mehmeti,Hysi,Gjoka,Marku,Kola,Hasani,Kristi,Luka,Brahimi,Sinani,Thanasi,Halili,Abazi,Dibra,Laçi,Shkodra,Prishtina,Delvina,Koroveshi,Përmeti,Frashëri,Gegaj,Toska,Çami,Kelmendi,Shkreli,Berisha,Krasniqi,Gashi,Kuqi,,,,,,,,,,,,,,,,,,,,,,,,,,,,,,,,,,,,,,,,,,,,,,,,,,,,,,,,,,,,,,,,,,,,,,,,,,,,,,,,,,,,,,,,,,,,,,,,,,,,,,,,,,,,,,,,,,,,,,,,,,,,,,,,,,,,,,,,,,,,,,,,,,,,,,,,,,,,,,,,,,,,,,,,,,
Azerbaijan,Mammadov,Aliyev,Huseynov,Hasanov,Guliyev,Ismayilov,Ahmadov,Abdullayev,Abbasov,Jafarov,,,,,,,,,,,,,,,,,,,,,,,,,,,,,,,,,,,,,,,,,,,,,,,,,,,,,,,,,,,,,,,,,,,,,,,,,,,,,,,,,,,,,,,,,,,,,,,,,,,,,,,,,,,,,,,,,,,,,,,,,,,,,,,,,,,,,,,,,,,,,,,,,,,,,,,,,,,,,,,,,,,,,,,,,,,,,,,,,,,,,,,,,,,,,,,,,,,,,,,,
Turkey,Yılmaz,Kaya,Demir,Şahin,Çelik,Yıldız,Yıldırım,Öztürk,Aydın,Özdemir,Arslan,Doğan,Kılıç,Aslan,Khan,Kara,Koç,Kurt,Özkan,Şimşek,,,,,,,,,,,,,,,,,,,,,,,,,,,,,,,,,,,,,,,,,,,,,,,,,,,,,,,,,,,,,,,,,,,,,,,,,,,,,,,,,,,,,,,,,,,,,,,,,,,,,,,,,,,,,,,,,,,,,,,,,,,,,,,,,,,,,,,,,,,,,,,,,,,,,,,,,,,,,,,,,,,,,,,,,,,,,,,,,,,,,,,,,,,,,,
Arabia/Persia,Mohammadi,Hosseini,Ahmadi,Ali,Moradi,Heydari,Karimi,Mousavi,Jafari,Mohammad,Pour,Ghasemi,Rahimi,Ebrahimi,Sadeghi,Abbasi,Gholami,Akbari,Asadi,Zare,Mahmoudi,Ghorbani,Bagheri,Amiri,Kazemi,Zarei,Haji,Hashemi,Nouri,Yousefi,Alizadeh,Esmaeili,Rezaei,Salehi,Nazari,Mir,Razaee,Norouzi,,,,,,,,,,,,,,,,,,,,,,,,,,,,,,,,,,,,,,,,,,,,,,,,,,,,,,,,,,,,,,,,,,,,,,,,,,,,,,,,,,,,,,,,,,,,,,,,,,,,,,,,,,,,,,,,,,,,,,,,,,,,,,,,,,,,,,,,,,,,,,,,,,,,,,,,,,,,,,,,,,,,,,,,,,,,
Portugal,Silva,Santos,Ferreira,Pereira,Oliveira,Costa,Rodrigues,Martins,Jesus,Sousa,Fernandes,Gonçalves,Gomes,Lopes,Marques,Alves,Almeida,Ribeiro,Pinto,Carvalho,Teixeira,Moreira,Correia,Mendes,Nunes,Soares,Vieira,Monteiro,Cardoso,Rocha,Neves,,Coelho,Cruz,Cunha,Pires,Duarte,Reis,,Simões,Antunes,Matos,Fonseca,Machado,Araújo,Barbosa,Tavares,Lourenço,Castro,Figueiredo,Azevedo,Freitas,,,,,,,,,,,,,,,,,,,,,,,,,,,,,,,,,,,,,,,,,,,,,,,,,,,,,,,,,,,,,,,,,,,,,,,,,,,,,,,,,,,,,,,,,,,,,,,,,,,,,,,,,,,,,,,,,,,,,,,,,,,,,,,,,,,,,,,,,,,,,,,,,,,,,,,,,,,,,,
Italy,Rossi,Russo,Ferrari,Esposito,Bianchi,Romano,Colombo,Bruno,Ricci,Greco,Marino,Gallo,De Luca,Conti,Costa,Mancini,Giordano,Rizzo,Lombardi,Barbieri,Moretti,Fontana,Caruso,Mariani,Ferrara,Santoro,Rinaldi,Leone,D'Angelo,Longo,Galli,Martini,Martinelli,Serra,Conte,Vitale,De Santis,Marchetti,Messina,Gentile,Villa,Marini,Lombardo,Coppola,Ferri,Parisi,De Angelis,Bianco,Amato,Fabbri,Gatti,Sala,Morelli,Grasso,Pellegrini,Ferraro,Monti,Palumbo,Grassi,Testa,Valentini,Carbone,Benedetti,Silvestri,Farina,D'Amico,Martino,Bernardi,Caputo,Mazza,Sanna,Fiore,De Rosa,Pellegrino,Giuliani,Rizzi,Di Stefano,Cattaneo,Rossetti,Orlando,Basile,Neri,Barone,Palmieri,Riva,Romeo,Franco,Sorrentino,Pagano,D'Agostino,Piras,Ruggiero,Montanari,Battaglia,Bellini,Castelli,Guerra,Poli,Valente,Ferretti,,,,,,,,,,,,,,,,,,,,,,,,,,,,,,,,,,,,,,,,,,,,,,,,,,,,,,,,,,,,,,,,,,,,,,,,,,,,,,,,,,,,,,,,,,,,,,,,,,,,,,,,,,,,,,
Greece,Samaras,Papoutsis,Kritikos,Aivaliotis,Kontos,Mytaras,Koufos,,,,,,,,,,,,,,,,,,,,,,,,,,,,,,,,,,,,,,,,,,,,,,,,,,,,,,,,,,,,,,,,,,,,,,,,,,,,,,,,,,,,,,,,,,,,,,,,,,,,,,,,,,,,,,,,,,,,,,,,,,,,,,,,,,,,,,,,,,,,,,,,,,,,,,,,,,,,,,,,,,,,,,,,,,,,,,,,,,,,,,,,,,,,,,,,,,,,,,,,,,,
East Frisia,,,,,,,,,,,,,,,,,,,,,,,,,,,,,,,,,,,,,,,,,,,,,,,,,,,,,,,,,,,,,,,,,,,,,,,,,,,,,,,,,,,,,,,,,,,,,,,,,,,,,,,,,,,,,,,,,,,,,,,,,,,,,,,,,,,,,,,,,,,,,,,,,,,,,,,,,,,,,,,,,,,,,,,,,,,,,,,,,,,,,,,,,,,,,,,,,,,,,,,,,,,,,,,,,,
Germany,Müller,Schmidt,Schneider,Fischer,Meyer,Weber,Wagner,Schulz,Becker,Hoffmann,,,,,,,,,,,,,,,,,,,,,,,,,,,,,,,,,,,,,,,,,,,,,,,,,,,,,,,,,,,,,,,,,,,,,,,,,,,,,,,,,,,,,,,,,,,,,,,,,,,,,,,,,,,,,,,,,,,,,,,,,,,,,,,,,,,,,,,,,,,,,,,,,,,,,,,,,,,,,,,,,,,,,,,,,,,,,,,,,,,,,,,,,,,,,,,,,,,,,,,,
Macedonia,Andov,Angelov,Bogdanov,Bozinov,Brankov,Damcevski,Davidov,Dimitrov,Donev,Filipov,Georgiev,Ivanov,Ivanovski,Janev,Kitanovski,Koloski,Kostovski,Kostov,Manasievski,Markov,Markovski,Markoski,Matovski,Mladenovski,Nikolovski,Pavlovski,Penov,Petkov,Petrevski,Petrovski,Popoff,Popovski,Ristevski,Stojanov,Trajanoski,Trajanovski,Trajcevski,Trajkovski,,,,,,,,,,,,,,,,,,,,,,,,,,,,,,,,,,,,,,,,,,,,,,,,,,,,,,,,,,,,,,,,,,,,,,,,,,,,,,,,,,,,,,,,,,,,,,,,,,,,,,,,,,,,,,,,,,,,,,,,,,,,,,,,,,,,,,,,,,,,,,,,,,,,,,,,,,,,,,,,,,,,,,,,,,,,
Great Britain,Anderson,Brown,Campbell,Clark,Davies,Driscoll,Edwards,Evans,Green,Griffiths,Hall,Hughes,Jackson,James,Jenkins,Johnson,Jones,Lewis,MacDonald,Mitchell,Morgan,Morrison,Moss,Murray,Owen,Paterson,Phillips,Price,Rees,Reid,Roberts,Robertson,Robinson,Ross,Scott,Smith,Stewart,Taylor,Thomas,Thompson,Thomson,Walker,Watson,White,Williams,Wilson,Wood,Wright,Young,,,,,,,,,,,,,,,,,,,,,,,,,,,,,,,,,,,,,,,,,,,,,,,,,,,,,,,,,,,,,,,,,,,,,,,,,,,,,,,,,,,,,,,,,,,,,,,,,,,,,,,,,,,,,,,,,,,,,,,,,,,,,,,,,,,,,,,,,,,,,,,,,,,,,,,,,,,,,,,,,
Iceland,Blöndal,Thorarensen,Hansen,Olsen,Andersen,Petersen,Möller,Nielsen,Waage,Bergmann,Briem,Thorlacius,Jensen,Hjaltalín,Scheving,Petersen,Kvaran,Fjeldsted,Norðdahl,Berndsen,,,,,,,,,,,,,,,,,,,,,,,,,,,,,,,,,,,,,,,,,,,,,,,,,,,,,,,,,,,,,,,,,,,,,,,,,,,,,,,,,,,,,,,,,,,,,,,,,,,,,,,,,,,,,,,,,,,,,,,,,,,,,,,,,,,,,,,,,,,,,,,,,,,,,,,,,,,,,,,,,,,,,,,,,,,,,,,,,,,,,,,,,,,,,,
Poland,Nowak,Kowalski,Wiśniewski,Wójcik,Kowalczyk,Kamiński,Lewandowski,Zieliński,Szymański,Woźniak,Dąbrowski,Kozłowski,Jankowski,Mazur,Kwiatkowski,Wojciechowski,Krawczyk,Kaczmarek,Piotrowski,Grabowski,,,,,,,,,,,,,,,,,,,,,,,,,,,,,,,,,,,,,,,,,,,,,,,,,,,,,,,,,,,,,,,,,,,,,,,,,,,,,,,,,,,,,,,,,,,,,,,,,,,,,,,,,,,,,,,,,,,,,,,,,,,,,,,,,,,,,,,,,,,,,,,,,,,,,,,,,,,,,,,,,,,,,,,,,,,,,,,,,,,,,,,,,,,,,,
Slovakia,Horváth,Kováč,Varga,Tóth,Nagy,Baláž,Szabó,Molnár,Balog,Lukáč,Novák,Kovács,Polák,Gajdoš,Kollár,Hudák,Neméth,Kováčik,Oláh,Oravec,,,,,,,,,,,,,,,,,,,,,,,,,,,,,,,,,,,,,,,,,,,,,,,,,,,,,,,,,,,,,,,,,,,,,,,,,,,,,,,,,,,,,,,,,,,,,,,,,,,,,,,,,,,,,,,,,,,,,,,,,,,,,,,,,,,,,,,,,,,,,,,,,,,,,,,,,,,,,,,,,,,,,,,,,,,,,,,,,,,,,,,,,,,,,,
Hungary,Nagy,Kovács,Tóth,Szabó,Horváth,Varga,Kiss,Molnár,Németh,Farkas,Balogh,Papp,Lakatos,Takács,Juhász,Mészáros,Oláh,Simon,Rácz,Fekete,Szilágyi,Török,Fehér,Balázs,Gál,,,,,,,,,,,,,,,,,,,,,,,,,,,,,,,,,,,,,,,,,,,,,,,,,,,,,,,,,,,,,,,,,,,,,,,,,,,,,,,,,,,,,,,,,,,,,,,,,,,,,,,,,,,,,,,,,,,,,,,,,,,,,,,,,,,,,,,,,,,,,,,,,,,,,,,,,,,,,,,,,,,,,,,,,,,,,,,,,,,,,,,,,
Spain,García,Fernández,González,Rodríguez,López,Martínez,Sánchez,Pérez,Martín,Gómez,Ruiz,Hernández,Jiménez,Díaz,Álvarez,Moreno,Muñoz,Alonso,Gutiérrez,Romero,Navarro,Torres,Domínguez,Gil,Vázquez,Serrano,Ramos,Blanco,Sanz,Castro,Suárez,Ortega,Rubio,Molina,Delgado,Ramírez,Morales,Ortiz,Marín,Iglesias,,,,,,,,,,,,,,,,,,,,,,,,,,,,,,,,,,,,,,,,,,,,,,,,,,,,,,,,,,,,,,,,,,,,,,,,,,,,,,,,,,,,,,,,,,,,,,,,,,,,,,,,,,,,,,,,,,,,,,,,,,,,,,,,,,,,,,,,,,,,,,,,,,,,,,,,,,,,,,,,,,,,,,,,,,
Romania,Popa,Popescu,Pop,Radu,Dumitru,Stan,Stoica,Gheorghe,Matei,Ciobanu,Ionescu,Rusu,,,,,,,,,,,,,,,,,,,,,,,,,,,,,,,,,,,,,,,,,,,,,,,,,,,,,,,,,,,,,,,,,,,,,,,,,,,,,,,,,,,,,,,,,,,,,,,,,,,,,,,,,,,,,,,,,,,,,,,,,,,,,,,,,,,,,,,,,,,,,,,,,,,,,,,,,,,,,,,,,,,,,,,,,,,,,,,,,,,,,,,,,,,,,,,,,,,,,,
Austria,Gruber,Huber,Bauer,Wagner,Müller,Pichler,Steiner,Moser,Mayer,Hofer,Leitner,Berger,Fuchs,Eder,Fischer,Schmid,Winkler,Weber,Schwarz,Maier,Schneider,Reiter,Mayr,Schmidt,Wimmer,Egger,Brunner,Lang,Baumgartner,Auer,Binder,Lechner,Wolf,Wallner,Aigner,Ebner,Koller,Lehner,Haas,Schuster,Heilig,,,,,,,,,,,,,,,,,,,,,,,,,,,,,,,,,,,,,,,,,,,,,,,,,,,,,,,,,,,,,,,,,,,,,,,,,,,,,,,,,,,,,,,,,,,,,,,,,,,,,,,,,,,,,,,,,,,,,,,,,,,,,,,,,,,,,,,,,,,,,,,,,,,,,,,,,,,,,,,,,,,,,,,,,
Lithuania,Kazlauskas,Jankauskas,Petrauskas,Stankevičius,Vasiliauskas,Butkus,Žukauskas,Paulauskas,Urbonas,Kavaliauskas,,,,,,,,,,,,,,,,,,,,,,,,,,,,,,,,,,,,,,,,,,,,,,,,,,,,,,,,,,,,,,,,,,,,,,,,,,,,,,,,,,,,,,,,,,,,,,,,,,,,,,,,,,,,,,,,,,,,,,,,,,,,,,,,,,,,,,,,,,,,,,,,,,,,,,,,,,,,,,,,,,,,,,,,,,,,,,,,,,,,,,,,,,,,,,,,,,,,,,,,
Swiss,Bianchi,Bernasconi,Fontana,Crivelli,Galli,Cereghetti,Colombo,Rossi,Ferrari,Cavadini,Sante,Ravelli,Giovanni,Piero,,,,,,,,,,,,,,,,,,,,,,,,,,,,,,,,,,,,,,,,,,,,,,,,,,,,,,,,,,,,,,,,,,,,,,,,,,,,,,,,,,,,,,,,,,,,,,,,,,,,,,,,,,,,,,,,,,,,,,,,,,,,,,,,,,,,,,,,,,,,,,,,,,,,,,,,,,,,,,,,,,,,,,,,,,,,,,,,,,,,,,,,,,,,,,,,,,,,
France,Martin,Bernard,Dubois,Thomas,Robert,Richard,Petit,Durand,Leroy,Moreau,Simon,Laurent,Lefebvre,Michel,Garcia,David,Bertrand,Roux,Vincent,Fournier,Morel,Girard,André,Lefèvre,Mercier,Dupont,Lambert,Bonnet,François,Martinez,,,,,,,,,,,,,,,,,,,,,,,,,,,,,,,,,,,,,,,,,,,,,,,,,,,,,,,,,,,,,,,,,,,,,,,,,,,,,,,,,,,,,,,,,,,,,,,,,,,,,,,,,,,,,,,,,,,,,,,,,,,,,,,,,,,,,,,,,,,,,,,,,,,,,,,,,,,,,,,,,,,,,,,,,,,,,,,,,,,,
Montenegro,Popović,Marković,Vujović,Radović,Ivanović,Radulović,Jovanović,Perović,Vuković,Kovačević,,,,,,,,,,,,,,,,,,,,,,,,,,,,,,,,,,,,,,,,,,,,,,,,,,,,,,,,,,,,,,,,,,,,,,,,,,,,,,,,,,,,,,,,,,,,,,,,,,,,,,,,,,,,,,,,,,,,,,,,,,,,,,,,,,,,,,,,,,,,,,,,,,,,,,,,,,,,,,,,,,,,,,,,,,,,,,,,,,,,,,,,,,,,,,,,,,,,,,,,
Moldova,Rusu,Ceban,Ciobanu,Țurcan,Cebotari,Sîrbu,Lungu,Munteanu,Rotari,Popa,Ursu,Guțu,Roșca,Melnic,Cojocari,,,,,,,,,,,,,,,,,,,,,,,,,,,,,,,,,,,,,,,,,,,,,,,,,,,,,,,,,,,,,,,,,,,,,,,,,,,,,,,,,,,,,,,,,,,,,,,,,,,,,,,,,,,,,,,,,,,,,,,,,,,,,,,,,,,,,,,,,,,,,,,,,,,,,,,,,,,,,,,,,,,,,,,,,,,,,,,,,,,,,,,,,,,,,,,,,,,
Ireland,Murphy,O'Kelly,O'Sullivan,Walsh,Smith,O'Brien,O'Byrne,O'Ryan,O'Connor,O'Neill,O'Reilly,Doyle,McCarthy,O'Gallagher,O'Doherty,Kennedy,Lynch,Murray,O'Quinn,O'Moore,,,,,,,,,,,,,,,,,,,,,,,,,,,,,,,,,,,,,,,,,,,,,,,,,,,,,,,,,,,,,,,,,,,,,,,,,,,,,,,,,,,,,,,,,,,,,,,,,,,,,,,,,,,,,,,,,,,,,,,,,,,,,,,,,,,,,,,,,,,,,,,,,,,,,,,,,,,,,,,,,,,,,,,,,,,,,,,,,,,,,,,,,,,,,,
Belgium,Peeters,Janssens,Maes,Jacobs,Mertens,Willems,Claes,Goossens,Wouters,De Smet,Dubois,Lambert,Dupont,Martin,Simon,,,,,,,,,,,,,,,,,,,,,,,,,,,,,,,,,,,,,,,,,,,,,,,,,,,,,,,,,,,,,,,,,,,,,,,,,,,,,,,,,,,,,,,,,,,,,,,,,,,,,,,,,,,,,,,,,,,,,,,,,,,,,,,,,,,,,,,,,,,,,,,,,,,,,,,,,,,,,,,,,,,,,,,,,,,,,,,,,,,,,,,,,,,,,,,,,,,
Luxembourg,Schmit,Muller,Weber,Hoffmann,Wagner,Thill,Schmitz,Schroeder,Reuter,Klein,Becker,Kieffer,Kremer,Faber,Meyer,Schneider,Weiss,Schiltz,Simon,Welter,Hansen,Majerus,Ries,Meyers,Kayser,Steffen,Krier,Braun,Wagener,Diederich,,,,,,,,,,,,,,,,,,,,,,,,,,,,,,,,,,,,,,,,,,,,,,,,,,,,,,,,,,,,,,,,,,,,,,,,,,,,,,,,,,,,,,,,,,,,,,,,,,,,,,,,,,,,,,,,,,,,,,,,,,,,,,,,,,,,,,,,,,,,,,,,,,,,,,,,,,,,,,,,,,,,,,,,,,,,,,,,,,,,
Korea,Kim,I,Pak,Chong,Choe,Cho,Kang,Yu,Yun,Chang,Im,Sin,Song,Chon,So,Han,O,Hwang,Kwon,An,Hong,Yang,Son,Ko,Mun,Pae,Paek,,,,,,,,,,,,,,,,,,,,,,,,,,,,,,,,,,,,,,,,,,,,,,,,,,,,,,,,,,,,,,,,,,,,,,,,,,,,,,,,,,,,,,,,,,,,,,,,,,,,,,,,,,,,,,,,,,,,,,,,,,,,,,,,,,,,,,,,,,,,,,,,,,,,,,,,,,,,,,,,,,,,,,,,,,,,,,,,,,,,,,,
Armenia,Hovhannisyan,Harutyunyan,Sargsyan,Khachatryan,Grigoryan,,,,,,,,,,,,,,,,,,,,,,,,,,,,,,,,,,,,,,,,,,,,,,,,,,,,,,,,,,,,,,,,,,,,,,,,,,,,,,,,,,,,,,,,,,,,,,,,,,,,,,,,,,,,,,,,,,,,,,,,,,,,,,,,,,,,,,,,,,,,,,,,,,,,,,,,,,,,,,,,,,,,,,,,,,,,,,,,,,,,,,,,,,,,,,,,,,,,,,,,,,,,,
Latvia,Bērziņš,Kalniņš,Ozoliņš,Jansons,Ozols,Liepiņš,Krūmiņš,Balodis,Eglītis,Zariņš,Pētersons,Vītols,Kļaviņš,Kārkliņš,Vanags,,,,,,,,,,,,,,,,,,,,,,,,,,,,,,,,,,,,,,,,,,,,,,,,,,,,,,,,,,,,,,,,,,,,,,,,,,,,,,,,,,,,,,,,,,,,,,,,,,,,,,,,,,,,,,,,,,,,,,,,,,,,,,,,,,,,,,,,,,,,,,,,,,,,,,,,,,,,,,,,,,,,,,,,,,,,,,,,,,,,,,,,,,,,,,,,,,,
Sweden,Andersson,Johansson,Karlsson,Nilsson,Eriksson,Larsson,Olsson,Persson,Svensson,Gustafsson,Pettersson,Jonsson,Jansson,Hansson,Bengtsson,Jönsson,Lindberg,Jakobsson,Magnusson,Olofsson,,,,,,,,,,,,,,,,,,,,,,,,,,,,,,,,,,,,,,,,,,,,,,,,,,,,,,,,,,,,,,,,,,,,,,,,,,,,,,,,,,,,,,,,,,,,,,,,,,,,,,,,,,,,,,,,,,,,,,,,,,,,,,,,,,,,,,,,,,,,,,,,,,,,,,,,,,,,,,,,,,,,,,,,,,,,,,,,,,,,,,,,,,,,,,
Japan,Sato,Suzuki,Tanaka,Watanabe,Takahashi,Ito,Yamamoto,Nakamura,Kobayashi,Saito,Kato,Yoshida,Yamada,Sasaki,Matsumoto,Yamaguchi,Inoue,Kimura,Shimizu,Hayashi,Abe,Ono,Mori,Nakajima,Hashimoto,Ikeda,Yamazaki,Ishikawa,Yamashita,Ogawa,,,,,,,,,,,,,,,,,,,,,,,,,,,,,,,,,,,,,,,,,,,,,,,,,,,,,,,,,,,,,,,,,,,,,,,,,,,,,,,,,,,,,,,,,,,,,,,,,,,,,,,,,,,,,,,,,,,,,,,,,,,,,,,,,,,,,,,,,,,,,,,,,,,,,,,,,,,,,,,,,,,,,,,,,,,,,,,,,,,,
China,Wang,Li,Zhang,Liu,Chen,Yang,Huang,Wu,Xu,Zhao,Zhou,Lu,Zhu,Sun,He,Ma,Yu,Hu,Lin,Jiang,Guo,Luo,Gao,Zheng,Liang,Tang,Wei,Shi,Xie,Song,Feng,Yan,Deng,Han,Cao,Tan,Ceng,Peng,Xiao,Yuan,Pan,Cai,Cheng,Fan,Tian,Dong,,,,,,,,,,,,,,,,,,,,,,,,,,,,,,,,,,,,,,,,,,,,,,,,,,,,,,,,,,,,,,,,,,,,,,,,,,,,,,,,,,,,,,,,,,,,,,,,,,,,,,,,,,,,,,,,,,,,,,,,,,,,,,,,,,,,,,,,,,,,,,,,,,,,,,,,,,,,,,,,,,,,
Georgia,Beridze,Mamedovi,Alievi,Kapanadze,Gelashvili,Maisuradze,Giorgadze,Lomidze,Tsiklauri,Bolkvadze,,,,,,,,,,,,,,,,,,,,,,,,,,,,,,,,,,,,,,,,,,,,,,,,,,,,,,,,,,,,,,,,,,,,,,,,,,,,,,,,,,,,,,,,,,,,,,,,,,,,,,,,,,,,,,,,,,,,,,,,,,,,,,,,,,,,,,,,,,,,,,,,,,,,,,,,,,,,,,,,,,,,,,,,,,,,,,,,,,,,,,,,,,,,,,,,,,,,,,,,
Belarus,Ivanoŭ,Kazloŭ,Kavalioŭ,Kazloŭski,Novik,,,,,,,,,,,,,,,,,,,,,,,,,,,,,,,,,,,,,,,,,,,,,,,,,,,,,,,,,,,,,,,,,,,,,,,,,,,,,,,,,,,,,,,,,,,,,,,,,,,,,,,,,,,,,,,,,,,,,,,,,,,,,,,,,,,,,,,,,,,,,,,,,,,,,,,,,,,,,,,,,,,,,,,,,,,,,,,,,,,,,,,,,,,,,,,,,,,,,,,,,,,,,
Russia,Abramov,Adaksin,Alenin,Alexeyev,Aleyev,Aminev,Anisimov,Antonovich,Artamonov,Avdeyev,Balakhnov,Baranovsky,Belov,Blazhenov,Bogdanov,Bogolyubov,Bolshakov,Boyarov,Bukhalo,Bukin,Buzinsky,Datsishin,Dementyev,Desyatkov,Dezhnyov,Dezhnyov,Dorokhin,Drotenkov,Dubrovsky,Dunayevsky,Duranichev,Elkin,Engelgardt,Epinger,Essen,Eybozhenko,Fanin,Fedoseyev,Fekhlachev,Fukin,Furmanov,Gagarin,Galygin,Genkin,Golovakha,Golubev,Golumbovsky,Gorbachyov,Gorelov,Grekov,Gruzinsky,Guslyakov,Ignatkovich,Ilyushin,Ishutin,Istomin,Ivanov,Ivanov,Ivchenko,Kadnikov,Kalagin,Kamenskikh,Khabensky,Khantsev,Khigir,Khomkolov,Khvostovsky,Kilesso,Klimushin,Kolosov,Korablyov,Korovin,Koshechkin,Kozlov,Krasnov,Kruchinkin,Kudryavtsev,Kulik,Kurchin,Kuznetsov,Lavrov,Lazarev,Lebedev,Lebedev,Leshev,Limonov,Lopatin,Lovzansky,Lukashenko,Lyadov,Lyasin,Mager,Makarov,Mantorov,Markin,Matveyev,Mekhantyev,Melekhov,Mikhalitsin,Morozov,Murogov,Myshkin,Nazarov,Nesterov,Nikishin,Norin,Novikov,Novokshonov,Obolensky,Ogorodnikov,Oprinchuk,Orlov,Ostrovsky,Papanov,Pavlov,Pechkin,Permyakov,Pervak,Petrov,Pichushkin,Pogodin,Polushin,Popov,Posokhov,Proskurkin,Pushkin,Rabinovich,Rasputin,Reznikov,Rokossovsky,Romanov,Samarin,Sapozhnikov,Savasin,Sayanovich,Sechenov,Semyanin,Semyonov,Silvestrov,Skorokhodov,Slepynin,Smirnov,Smolyaninov,Sochinsky,Sokolov,Solomakhin,Solovyov,Statnik,Sukhorukov,Sungatulin,Tamarkin,Tarnovetsky,Tereshchenko,Tikhonov,Tkachenko,Toropov,Tselikovsky,Tseydlerin,Tsimmerman,Tsvetnov,Tsyganov,Tupolev,Turbin,Tvardovsky,Tychkin,Ubeysobakin,Ulyashin,Umanov,Uspensky,Utyuzhin,Vakhrov,Varennikov,Varushkin,Vasilyev,Vasilyevykh,Vasin,Vetochkin,Vinogradov,Vinokurov,Volkov,Volodin,Volvakov,Vorobyov,Votyakov,Yagovkin,Yakimov,Yakovlev,Yankovsky,Yasneyev,Yegorov,Yeltsin,Yemelyanov,Yerkhov,Yermushin,Yeshevsky,Yezhov,Yolkin,Yozhin,Yozhov,Zabolotny,Zakharin,Zakryatin,Zaytsev,Zharkov,Zhelezkin,Zhikin,Zhirov,Zhukov,Zonov,Zyuganov
Bulgaria,Ivanov,Georgiev,Dimitrov,Petrov/,Nikolov,Hristov,Stoyanov,Todorov,Iliev,Angelov,,,,,,,,,,,,,,,,,,,,,,,,,,,,,,,,,,,,,,,,,,,,,,,,,,,,,,,,,,,,,,,,,,,,,,,,,,,,,,,,,,,,,,,,,,,,,,,,,,,,,,,,,,,,,,,,,,,,,,,,,,,,,,,,,,,,,,,,,,,,,,,,,,,,,,,,,,,,,,,,,,,,,,,,,,,,,,,,,,,,,,,,,,,,,,,,,,,,,,,,
Slovenia,Novak,Horvat,Kovačič,Krajnc,Zupančič,Potočnik,Kovač,Mlakar,Kos,Vidmar,Golob,Turk,Božič,Kralj,Korošec,Zupan,Bizjak,Hribar,Kotnik,Kavčič,Rozman,Kastelic,Oblak,Žagar,Petek,Hočevar,Kolar,Košir,Koren,Klemenčič,,,,,,,,,,,,,,,,,,,,,,,,,,,,,,,,,,,,,,,,,,,,,,,,,,,,,,,,,,,,,,,,,,,,,,,,,,,,,,,,,,,,,,,,,,,,,,,,,,,,,,,,,,,,,,,,,,,,,,,,,,,,,,,,,,,,,,,,,,,,,,,,,,,,,,,,,,,,,,,,,,,,,,,,,,,,,,,,,,,,
Croatia,Horvat,Kovačević,Babić,Marić,Jurić,Novak,Kovačić,Knežević,Vuković,Marković,Petrović,Matić,Tomić,Pavlović,Kovač,Božić,Blažević,Grgić,Pavić,Radić,Perić,Filipović,Šarić,Lovrić,Vidović,Perković,Popović,Bošnjak,Jukić,Barišić,,,,,,,,,,,,,,,,,,,,,,,,,,,,,,,,,,,,,,,,,,,,,,,,,,,,,,,,,,,,,,,,,,,,,,,,,,,,,,,,,,,,,,,,,,,,,,,,,,,,,,,,,,,,,,,,,,,,,,,,,,,,,,,,,,,,,,,,,,,,,,,,,,,,,,,,,,,,,,,,,,,,,,,,,,,,,,,,,,,,
Serbia,Jovanović,Petrović,Nikolić,Marković,Đorđević,Stojanović,Ilić,Stanković,Pavlović,Milošević,,,,,,,,,,,,,,,,,,,,,,,,,,,,,,,,,,,,,,,,,,,,,,,,,,,,,,,,,,,,,,,,,,,,,,,,,,,,,,,,,,,,,,,,,,,,,,,,,,,,,,,,,,,,,,,,,,,,,,,,,,,,,,,,,,,,,,,,,,,,,,,,,,,,,,,,,,,,,,,,,,,,,,,,,,,,,,,,,,,,,,,,,,,,,,,,,,,,,,,,
Ukraine,Melnyk,Shevchenko,Bondarenko,Kovalenko,Boiko,Tkachenko,Kravchenko,Kovalchuk,Koval,Shevchuk,Polyshchuk,Bondar,Olyinyk,Yvanova,Lysenko,Moroz,Marchenko,Tkachuk,Savchenko,Rudenko,Petrenko,Klymenko,Pavlenko,Yvanov,Kolesnyk,Kravchuk,Kuzmenko,Ponomarenko,Savchuk,Vasylenko,Levchenko,,,,,,,,,,,,,,,,,,,,,,,,,,,,,,,,,,,,,,,,,,,,,,,,,,,,,,,,,,,,,,,,,,,,,,,,,,,,,,,,,,,,,,,,,,,,,,,,,,,,,,,,,,,,,,,,,,,,,,,,,,,,,,,,,,,,,,,,,,,,,,,,,,,,,,,,,,,,,,,,,,,,,,,,,,,,,,,,,,,
Czech Republic,Černý,Dvořák,Horák,Krejčí,Kučera,Marek,Novák,Novotný,Procházka,Svoboda,Veselá,Veselý,,,,,,,,,,,,,,,,,,,,,,,,,,,,,,,,,,,,,,,,,,,,,,,,,,,,,,,,,,,,,,,,,,,,,,,,,,,,,,,,,,,,,,,,,,,,,,,,,,,,,,,,,,,,,,,,,,,,,,,,,,,,,,,,,,,,,,,,,,,,,,,,,,,,,,,,,,,,,,,,,,,,,,,,,,,,,,,,,,,,,,,,,,,,,,,,,,,,,,
Vietnam,Nguyen,Tran,Le,Pham,Hoang,Vu,Phan,Bui,Vo,Huynh,Do,Ngo,Ho,Truong,Dang,Ha,Duong,Mai,Dinh,Lam,Trinh,O,Anh,Cao,Luong,Dao,Doan,Thanh,Van,Ly,Minh,Luu,Ta,Chu,To,Ngoc,,,,,,,,,,,,,,,,,,,,,,,,,,,,,,,,,,,,,,,,,,,,,,,,,,,,,,,,,,,,,,,,,,,,,,,,,,,,,,,,,,,,,,,,,,,,,,,,,,,,,,,,,,,,,,,,,,,,,,,,,,,,,,,,,,,,,,,,,,,,,,,,,,,,,,,,,,,,,,,,,,,,,,,,,,,,,,